saturation pressure (bar),Log P_s,Temperature (C),1/Temperature (1/C)
23.56,3.159550359,25.1,0.03984063745
28.1,3.335769576,33,0.0303030303
30.067,3.403428225,36,0.02777777778
32.5,3.481240089,39,0.02564102564
35,3.555348061,42,0.02380952381
37,3.610917913,45,0.02222222222
38.95,3.662278772,47,0.02127659574